{
  "window_size": 30,
  "training_frequency": 0.5,
  "test_frequency_segments": [
    0.5,
    2.0,
    1.0,
    0.2
  ],
  "target_params": 1233,
  "model_params": {
    "FNN": 1217,
    "RNN": 1222,
    "LSTM": 1233,
    "LTC": 1187
  },
  "final_train_loss": {
    "FNN": 0.000265217337836211,
    "RNN": 0.0011780819697906413,
    "LSTM": 0.00024051686153641992,
    "LTC": 0.00255629436052855
  },
  "test_mse": {
    "FNN": 0.4397522807121277,
    "RNN": 0.4215119481086731,
    "LSTM": 0.4003767669200897,
    "LTC": 0.0915842056274414
  }
}